If,IN
an,DT
old,JJ
person,NN
walks,NNS
on,IN
the,DT
bus,NN
...,:
This,DT
is,VBZ
why,WRB
we,PRP
are,VBP
n't,RB
allowed,VBN
to,TO
have,VB
nice,JJ
things,NNS
UBC,NNP
.,.
Went,NNP
on,IN
a,DT
walk,NN
tonight,NN
and,CC
found,VBD
this,DT
...,:
is,VBZ
it,PRP
really,RB
TRUE,JJ
that,IN
the,DT
pharmacist,NN
is,VBZ
not,RB
in,IN
demand,NN
anymore,RB
?,.
Fall,NNP
decision,NN
Looking,VBG
to,TO
get,VB
professional,JJ
headshots,NNS
taken,VBN
on,IN
campus,NN
How,NNP
to,TO
avoid,VB
drug,NN
(,(
cannabis,NN
),)
at,IN
UBC,NNP
?,.
Writing,VBG
Credits,NNS
are,VBP
Hard,NNP
-,:
WriteAway,NN
can,MD
Help,VB
Should,NNP
UBC,NNP
require,VB
mandatory,JJ
vaccines,NNS
for,IN
all,DT
students,NNS
who,WP
return,VBP
to,TO
campus,VB
?,.
CAPS,NNP
why,WRB
so,RB
much,JJ
spam,NN
UBC,NNP
!,.
Students,NNS
travelling,VBG
home,NN
due,JJ
to,TO
COVID-19,JJ
:,:
The,DT
Ubyssey,NNP
wants,VBZ
to,TO
hear,VB
from,IN
you,PRP
!,.
I,PRP
really,RB
regret,VBP
UBC,NNP
's,POS
decision,NN
to,TO
extend,VB
the,DT
winter,NN
break,NN
.,.
Lets,NNS
have,VBP
a,DT
Party/Bar,NNP
night,NN
!,.
!,.
!,.
Need,NNP
R,NNP
Script,NNP
Help,NNP
-,:
Loops,NNP
and,CC
Subsets,NNP
Waiting,NNP
for,IN
an,DT
outbreak,JJ
UBC,NNP
meme,NN
pages,NNS
build,VBP
community,NN
by,IN
satirizing,VBG
shared,VBN
campus,NN
experiences,NNS
|,VBP
The,DT
Ubyssey,NNP
'',''
Dear,NNP
UBC,NNP
:,:
``,``
'',''
Important,NN
'',''
'',''
emails,NNS
are,VBP
those,DT
about,IN
immigration,NN
",",","
COVID-19,NNP
",",","
registration,NN
",",","
etc,FW
.,.
Not,RB
imagine,JJ
day,NN
.,.
'',''
Education,NN
Library,NNP
'',''
Ohh,NNP
no,DT
",",","
my,PRP$
camera,NN
broke,VBD
!,.
I,PRP
ca,MD
n't,RB
use,VB
proctorio,NN
!,.
'',''
Faculty,NN
of,IN
education,NN
launches,NNS
'long,POS
overdue,JJ
',''
free,JJ
anti-racism,NN
course,NN
Best,NNP
resume,NN
writing,VBG
services,NNS
for,IN
internships,NNS
Taking,VBG
second,JJ
year,NN
math,NN
courses,NNS
as,IN
a,DT
first-year,JJ
.,.
How,WRB
f,JJ
*,NN
cked,VBD
am,VBP
I,PRP
?,.
Tinder,NNP
awkwardness,NN
Ubc,NNP
repainting,VBG
the,DT
Engineering,NNP
Cairn,NNP
again,RB
CPSC,NNP
110,CD
-,:
Am,NN
I,PRP
completely,RB
screwed,VBD
?,.
(,(
Possible,JJ
accidental,JJ
cheating,NN
),)
TA,NNP
Offers,NNP
on,IN
Careers,NNP
Online/Symplicity,NNP
At,IN
UBC,NNP
do,VBP
we,PRP
really,RB
support,VB
victims,NNS
of,IN
violence/sexual,JJ
assault,NN
?,.
My,PRP$
one,CD
homework,NN
problem,NN
took,VBD
more,JJR
pages,NNS
than,IN
your,PRP$
final,JJ
CPSC,NNP
213,CD
Folks,NNS
:,:
Nobody,NN
really,RB
knows,VBZ
why,WRB
we,PRP
need,VBP
to,TO
learn,VB
it,PRP
Ubyssey,NNP
campus,VBD
safety,NN
interview,NN
UBC,NNP
SHUTDOWN,NNP
?,.
UBC,NNP
CS,NNP
PAID,NNP
RESEARCH,NNP
PARTICIPANT,NNP
OPPORTUNITY,NNP
(,(
$,$
CAD,NNP
30/hour,CD
),)
'',''
Get,VB
your,PRP$
pearls,NNS
ready,JJ
for,IN
clutching,VBG
",",","
there,EX
's,VBZ
an,DT
application,NN
to,TO
put,VB
a,DT
Cannabis,NNP
store,NN
in,IN
the,DT
old,JJ
Copy,NNP
Smart,NNP
location,NN
.,.
'',''
Anyone,NN
who,WP
gots,VBZ
>,VBP
1st,CD
academic,JJ
misconduct,NN
?,.
Department,NNP
gave,VBD
me,PRP
wrong,JJ
information,NN
late,RB
last,JJ
year,NN
and,CC
now,RB
I,PRP
have,VBP
to,TO
suffer,VB
financially/academically,RB
What,WP
is,VBZ
considered,VBN
senior,JJ
level,NN
?,.
Question,NN
about,IN
SOCI,NNP
Classes/Instructors,NNPS
Bias,NNP
Why,WRB
do,VBP
so,RB
many,JJ
people,NNS
on,IN
r/UBC,NN
seem,VBP
to,TO
hate,VB
international,JJ
students,NNS
?,.
Why,WRB
STAT,NNP
302,CD
final,JJ
at,IN
7pm,CD
are,VBP
much,JJ
harder,JJR
than,IN
the,DT
3:30,CD
one,CD
?,.
``,``
Teresa,NNP
Hanul-Seo,NNP
",",","
a,DT
UBC,NNP
psychology,NN
student,NN
who,WP
is,VBZ
half-Korean,JJ
",",","
half-African,JJ
",",","
and,CC
17,CD
other,JJ
young,JJ
talents,NNS
celebrate,JJ
beauty,NN
of,IN
diversity,NN
through,IN
photos,NNS
",",","
videos,NNS
'',''
(,(
CONFESSION,NNP
),)
I,PRP
am,VBP
one,CD
of,IN
the,DT
students,NNS
who,WP
cheated,VBD
on,IN
the,DT
MATH,NNP
100,CD
midterm,NN
.,.
There,EX
actually,RB
are,VBP
dissenting,VBG
voices,NNS
re,NN
:,:
UBC,NNP
's,POS
covid,JJ
policies,NNS
.,.
UBC,NNP
Science,NNP
Zoom,NNP
Account,NNP
Pronoun,NNP
Field,NNP
In,IN
Person,NNP
Classes,NNP
Former,NNP
Stanford,NNP
gymnast,NN
Hailee,NNP
Hoffman,NNP
vaults,NNS
towards,NNS
graduation,NN
as,IN
a,DT
UBC,NNP
master,NN
â€™,NNP
s,NN
student,NN
Get,NNP
vaccine,NN
on,IN
UBC,NNP
campus,NN
(,(
Pharmaceutical,JJ
building,NN
site,NN
),)
Dispensaries,NNPS
near,IN
UBC,NNP
?,.
Shit,NNP
smell,NN
in,IN
Nest,NNP
?,.
?,.
?,.
I,PRP
Dare,VBP
You,PRP
To,TO
...,:
My,PRP$
professor,NN
did,VBD
not,RB
wear,VB
a,DT
mask,NN
during,IN
the,DT
80,CD
minute,NN
lecture,NN
today,NN
Just,NNP
for,IN
fun,NN
what,WP
do,VBP
I,PRP
do,VB
with,IN
a,DT
50,CD
%,NN
final,JJ
in,IN
a,DT
course,NN
that,IN
I,PRP
am,VBP
sooooooo,RB
lost,VBN
?,.
?,.
?,.
Ethics,NNPS
&,CC
tech,VB
inquiry,NN
for,IN
computer,NN
science,NN
students,NNS
Why,WRB
tickets,NNS
to,TO
events,NNS
are,VBP
so,RB
fcking,JJ
expensive,JJ
and,CC
why,WRB
is,VBZ
it,PRP
so,RB
hard,RB
to,TO
get,VB
them,PRP
?,.
!,.
Unpopular,JJ
Opinion,NN
:,:
The,DT
First,JJ
Year,NNP
Academic,NNP
Dishonesty,NNP
Drama,NNP
is,VBZ
BS,NNP
Keep,NNP
Studying,VBG
Now,RB
'',''
Please,NNP
",",","
if,IN
we,PRP
all,DT
email/voice,VBP
our,PRP$
concerns,NNS
about,IN
Covid,NNP
safety,NN
to,TO
UBC,NNP
administration,NN
'',''
'',''
Insecure,NNP
",",","
hopeless,NN
",",","
stressed,VBD
out,RP
'',''
[,NN
Parody,NNP
],NNP
Colors,NNP
of,IN
the,DT
Wind,NNP
UBC,NNP
Homecoming,NNP
2021,CD
is,VBZ
virtual,JJ
again,RB
!,.
?,.
Someone,NNP
please,VBD
start,VB
a,DT
petition,NN
.,.
They,PRP
can,MD
fill,VB
up,RP
lecture,NN
halls,NNS
but,CC
not,RB
have,VB
an,DT
outdoor,JJ
celebration,NN
?,.
?,.
?,.
(,(
I,PRP
may,MD
be,VB
misreading,VBG
this,DT
but,CC
I,PRP
don,VBP
â€™,JJ
t,NNS
see,VBP
any,DT
mention,NN
of,IN
in,IN
person,NN
celebrating,VBG
),)
academic,JJ
misconduct,NN
Promotion,NNP
to,TO
4th,CD
year,NN
CS,NN
!,.
!,.
!,.
``,``
UBC,JJ
Journalist,NN
in,IN
Residence,NNP
Eternity,NNP
Martis,NNP
",",","
debunks,VBZ
racism,NN
and,CC
sexual,JJ
violence,NN
on,IN
Canadian,JJ
campuses,NNS
'',''
UBC,NNP
BoG,NNP
chair,NN
endorses,VBZ
questionable,JJ
viewpoints,NNS
regarding,VBG
injustice,NN
and,CC
racism,NN
on,IN
Twitter,NNP
Is,VBZ
it,PRP
possible,JJ
to,TO
graduate,VB
in,IN
3,CD
years,NNS
?,.
Official,JJ
transcript,NN
with,IN
blue,JJ
ribbon,NN
?,.
?,.
Help,NN
!,.
!,.
We,PRP
are,VBP
creating,VBG
a,DT
community,NN
for,IN
UBC,JJ
students,NNS
to,TO
talk,VB
about,IN
mental,JJ
wellbeing,NN
.,.
Help,VB
us,PRP
in,IN
our,PRP$
developments,NNS
by,IN
completing,VBG
a,DT
survey,NN
.,.
Playboi,NNP
Carti,NNP
?,.
What,WP
's,VBZ
the,DT
rule,NN
on,IN
attending,VBG
lectures,NNS
you,PRP
're,VBP
not,RB
registered,VBN
in,IN
?,.
And,CC
for,IN
someone,NN
that,WDT
's,VBZ
not,RB
a,DT
student,NN
.,.
``,``
On,IN
a,DT
scale,NN
of,IN
10-Jan,JJ
",",","
how,WRB
much,JJ
do,VBP
you,PRP
regret,VB
attending,VBG
UBC,NNP
'',''
Carpool,NN
from,IN
UBC,NNP
to,TO
Delta,NNP
Campus,NNP
Freedom,NNP
Index,NNP
:,:
UBC,NNP
's,POS
Ranking,NNP
'',''
First,NNP
internship,NN
at,IN
Big,NNP
Company,NNP
",",","
Advice,NNP
?,.
'',''
Can,MD
someone,NN
give,VB
me,PRP
the,DT
thing,NN
to,TO
do,VB
if,IN
I,PRP
arrive,VBP
to,TO
Vancouver,NNP
in,IN
the,DT
order,NN
?,.
(,(
Like,IN
setting,VBG
up,RP
phone,NN
number,NN
etc,FW
Statement,NNP
in,IN
support,NN
of,IN
Black,NNP
Lives,NNP
Matter,NNP
and,CC
#,#
ShutDownSTEM,NNP
One,NNP
in,IN
10,CD
female,JJ
post-secondary,JJ
students,NNS
sexually,RB
assaulted,VBN
in,IN
school,NN
setting,NN
:,:
study,NN
W2020,NNP
1st,CD
Year,NN
students,NNS
where,WRB
are,VBP
you,PRP
coming,VBG
from,IN
?,.
Right,NNP
To,TO
Education,NNP
:,:
Help,NNP
Make,VB
The,DT
15,CD
Million,NNP
In,IN
Scholarships,NNP
Dollar,NNP
That,NNP
Go,NNP
Unclaimed,NNP
At,IN
UBC,NNP
Each,DT
Year,NNP
More,RBR
Accessible,NNP
.,.
Place,NN
to,TO
do,VB
push-ups,NNS
on,IN
campus,NN
?,.
``,``
Will,NNP
vaping,VBG
be,VB
considered,VBN
``,``
'',''
cheating,NN
'',''
'',''
during,IN
remote,JJ
exams,NNS
?,.
'',''
First,NNP
and,CC
Second,NNP
Year,NNP
Computer,NNP
Science,NNP
Major,NNP
Review,NNP
!,.
2nd,CD
year,NN
specializations,NNS
are,VBP
out,RP
!,.
!,.
``,``
do,VBP
you,PRP
pronounce,VB
it,PRP
``,``
'',''
EYE,NNP
kayyyy,VBD
BUI,NNP
'',''
'',''
or,CC
``,``
'',''
AYY,NNP
KEY,NNP
BEE,NNP
'',''
'',''
?,.
'',''
Support,NNP
thread,NN
for,IN
Indigenous,JJ
students,NNS
who,WP
are,VBP
struggling,VBG
the,DT
AW,NNP
identity,NN
controversy,NN
<,VBD
3,CD
I,PRP
hate,VBP
you,PRP
all,DT
UBC,NNP
study,NN
finds,VBZ
women,NNS
with,IN
straight,PDT
A,DT
's,POS
in,IN
high,JJ
school,NN
have,VBP
same,JJ
chances,NNS
at,IN
leadership,NN
roles,NNS
as,IN
men,NNS
with,IN
failing,VBG
grades,NNS
Where,WRB
is,VBZ
the,DT
best,JJS
place,NN
in,IN
vancouver,NN
to,TO
find,VB
a,DT
sugar,NN
daddy,NN
?,.
an,DT
open,JJ
letter,NN
to,TO
the,DT
annoying,VBG
male,NN
that,WDT
lives,VBZ
above,IN
me,PRP
in,IN
the,DT
orchard,NN
commons,NNS
.,.
Will,MD
an,DT
Intel,NNP
chip,NN
be,VB
required,VBN
to,TO
run,VB
the,DT
programs,NNS
we,PRP
need,VBP
in,IN
Engineering,NNP
?,.
UBC,NNP
CPSC,NNP
admissions,NNS
has,VBZ
caused,VBN
me,PRP
to,TO
hit,VB
rock,NN
bottom,NN
People,NNP
abandoning,VBG
their,PRP$
bikes,NNS
Will,NNP
fall,VB
2021,CD
be,VB
in,IN
person,NN
?,.
I,PRP
think,VBP
not,RB
.,.
Is,VBZ
it,PRP
just,RB
me,PRP
or,CC
are,VBP
people,NNS
blowing,VBG
in,IN
person,NN
exam,JJ
concerns,NNS
out,IN
of,IN
the,DT
water,NN
?,.
When,WRB
do,VBP
you,PRP
hear,VB
back,RB
about,IN
arts,NNS
co,NN
op,NN
?,.
Exposure,NNP
notice,NN
Reluctance,NNP
for,IN
in-person,JJ
fall,NN
.,.
So,RB
?,.
/r/UBC,JJ
Taylor,NNP
Swift,NNP
Albums,NNP
Tournament,NNP
-,:
Semifinal,JJ
1,CD
Seeing,VBG
upper,JJ
years,NNS
generalize,VBP
first,JJ
years,NNS
just,RB
because,IN
of,IN
some,DT
dumbasses,NNS
throwing,VBG
parties,NNS
in,IN
dorms,NNS
makes,VBZ
me,PRP
(,(
and,CC
probably,RB
other,JJ
first,JJ
years,NNS
as,RB
well,RB
),)
feel,VB
unwelcome,JJ
here,RB
'',''
BLM,NNP
Protests,NNP
and,CC
President,NNP
Santa,NNP
Ono,NNP
's,POS
Letter,NNP
to,TO
UBC,VB
:,:
``,``
'',''
Together,RB
against,IN
Racism,NNP
and,CC
Injustice,NNP
'',''
'',''
'',''
I,PRP
'm,VBP
running,VBG
for,IN
Vice,NNP
President,NNP
of,IN
Academic,NNP
and,CC
University,NNP
Affairs,NNP
for,IN
the,DT
AMS,NNP
!,.
AMA,NNP
!,.
sadgesadgesadgesadgesadgesadgesadge,NN
Unpopular,JJ
opinion,NN
:,:
Post-Secondary,JJ
Education,NN
is,VBZ
not,RB
a,DT
right,JJ
UBC,NNP
now,RB
stands,VBZ
for,IN
University,NNP
of,IN
B,NNP
?,.
?,.
ching,VBG
and,CC
Complaining,VBG
Need,NNP
advice,NN
:,:
Poor,NNP
Prof/TA,NNP
Virtual,NNP
Skills,NNP
SIGN,NNP
UP,NNP
FOR,IN
A,NNP
STUDENT,NNP
DIRECTED,NNP
SEMINAR,NNP
-,:
2,CD
are,VBP
running,VBG
this,DT
fall,NN
!,.
Is,VBZ
turning,VBG
down,RP
an,DT
offered,VBN
club,NN
position,NN
considered,VBN
rude,NN
or,CC
an,DT
expected,VBN
possibility,NN
?,.
Can,MD
we,PRP
conclude,VBP
that,IN
generally,RB
students,NNS
are,VBP
unhappy,JJ
with/being,VBG
at,IN
UBC,NNP
?,.
I,PRP
THINK,VBP
I,PRP
GOT,VBD
100,CD
%,NN
ON,NNP
MY,NNP
MATH,NNP
105,CD
MIDTERM,NNP
!,.
!,.
The,DT
Ubyssey,NNP
on,IN
Twitter,NNP
-,:
#,#
BREAKING,NN
:,:
A,DT
Black,NNP
graduate,NN
student,NN
alleges,VBZ
Campus,NNP
Security,NNP
denied,VBD
him,PRP
access,NN
to,TO
a,DT
campus,NN
building,NN
in,IN
a,DT
racial,JJ
profiling,NN
incident,NN
.,.
Story,NN
to,TO
come,VB
.,.
Covid,NNP
and,CC
Campus,NNP
'',''
UBC,NNP
and,CC
Bonnie,NNP
Henry,NNP
are,VBP
right,JJ
.,.
Students,NNS
are,VBP
safe,JJ
",",","
and,CC
really,RB
so,RB
is,VBZ
everyone,NN
else,RB
'',''
UBC,NNP
and,CC
AMS,NNP
shortcomings,NNS
during,IN
COVID-19,NNP
(,(
and,CC
otherwise,RB
),)
'',''
It,PRP
's,VBZ
Islam,NNP
Awareness,NNP
Week,NNP
!,.
Ask,NNP
our,PRP$
speaker,NN
anything,NN
",",","
and,CC
watch,VB
it,PRP
live,JJ
at,IN
11:00,CD
AM,NNP
PST,NNP
'',''
I,PRP
don,VBP
â€™,JJ
t,NN
wan,NN
na,TO
do,VB
online,JJ
school,NN
'',''
A,NNP
few,JJ
hours,NNS
past,IN
the,DT
``,``
'',''
W,NNP
'',''
'',''
deadline,NN
and,CC
got,VBD
``,``
'',''
W,NNP
'',''
'',''
'',''
Looking,VBG
for,IN
students,NNS
who,WP
are,VBP
around,RB
campus,RB
to,TO
beta,VB
test,VB
a,DT
new,JJ
website,NN
for,IN
finding,VBG
food,NN
at,IN
UBC,NNP
â­,NNP
(,(
chance,NN
to,TO
win,VB
a,DT
$,$
25,CD
giftcard,NN
ðŸ¤‘,NN
),)
Should,MD
SkyTrain,VB
ride,VB
the,DT
rails,NNS
to,TO
UBC,VB
?,.
Professor,NNP
Patrick,NNP
Condon,NNP
of,IN
the,DT
UBC,NNP
School,NNP
of,IN
Architecture,NNP
says,VBZ
a,DT
SkyTrain,NNP
extension,NN
to,TO
the,DT
university,NN
is,VBZ
not,RB
needed,VBN
economics,NNS
program,NN
ethnicity,NN
Ubyssey,NNP
Interview,NNP
on,IN
Mental,NNP
Health,NNP
Resources,NNP
Bus,NNP
Drivers,NNP
not,RB
wearing,VBG
masks,NNS
'',''
Thunberg,NNP
",",","
Henry,NNP
to,TO
receive,VB
honorary,JJ
degrees,NNS
from,IN
UBC,NNP
'',''
Some,DT
ways,NNS
I,PRP
tried,VBD
to,TO
deal,VB
with,IN
the,DT
heat,NN
wave,NN
...,:
Ghosted,NNP
CUS,NNP
Club,NNP
Promoting,NNP
Huawei,NNP
WTF,NNP
?,.
!,.
Is,VBZ
there,RB
anywhere,RB
on,IN
campus,NN
I,PRP
can,MD
still,RB
study,VB
at,IN
?,.
Masks,NNP
in,IN
IKB,NNP
Anyone,NNP
else,RB
not,RB
....,VB
too,RB
stressed,VBN
?,.
Professor,NNP
released,VBD
all,DT
midterm,JJ
grades,NNS
and,CC
comments,NNS
publically,RB
'',''
So,IN
yesterday,NN
I,PRP
saw,VBD
the,DT
word,NN
``,``
'',''
fuck,VBD
capitalism,NN
'',''
'',''
at,IN
the,DT
protest,NN
'',''
Easy,NNP
way,NN
to,TO
get,VB
ALL,DT
your,PRP$
student,NN
loans,NNS
forgiven,RB
if,IN
you,PRP
study,VBP
the,DT
biomedical,JJ
sciences,NNS
Best,NNP
washrooms,NNS
on,IN
campus,NN
?,.
A,DT
rant,NN
on,IN
r/ubc,NN
content,NN
Bookstore,NNP
?,.
Web,NNP
Design,NNP
?,.
In-Person,NNP
Fall,NN
2021,CD
is,VBZ
Doable,JJ
with,IN
Lecture,NNP
Recordings,NNP
'',''
Sororities,NNS
at,IN
UBC,NNP
",",","
what,WP
to,TO
expect,VB
?,.
'',''
What,WP
do,VBP
you,PRP
think,VB
about,IN
people,NNS
wearing,VBG
medical,JJ
mask,NN
around,IN
campus,NN
?,.
``,``
please,VB
stop,VB
turning,VBG
on,IN
webcam,NN
during,IN
the,DT
lecture,NN
man,NN
",",","
i,JJ
'm,VBP
begging,VBG
you,PRP
'',''
UBC,IN
organizers,NNS
join,VBP
national,JJ
student,NN
walkout,NN
in,IN
solidarity,NN
with,IN
Wet,NNP
â€™,NNP
suwet,VBD
â€™,NNP
en,FW
land,NN
defenders,NNS
'',''
If,IN
you,PRP
're,VBP
old,JJ
enough,RB
to,TO
attend,VB
UBC,NNP
and,CC
have,VBP
the,DT
time,NN
to,TO
write,VB
long,JJ
Reddit,NNP
posts,NNS
",",","
you,PRP
have,VBP
enough,JJ
time,NN
and,CC
capacity,NN
to,TO
do,VB
your,PRP$
research,NN
on,IN
the,DT
historical,JJ
and,CC
current,JJ
relationship,NN
between,IN
the,DT
Canadian,JJ
government,NN
and,CC
Indigenous,JJ
people,NNS
.,.
'',''
``,``
Just,RB
finished,VBN
my,PRP$
first,JJ
year,NN
",",","
and,CC
I,PRP
â€™,VBP
m,NNS
really,RB
happy,JJ
with,IN
how,WRB
I,PRP
did,VBD
.,.
Small,VB
flex,JJ
post,NN
â¤ï¸,NN
'',''
CPSC,NNP
103,CD
academic,JJ
misconduct,NN
meeting,NN
!,.
What,WP
kind,NN
of,IN
person,NN
you,PRP
are,VBP
based,VBN
on,IN
what,WP
you,PRP
bought,VBD
at,IN
the,DT
poster,NN
sale,NN
Please,NNP
voice,VB
your,PRP$
concerns,NNS
!,.
There,EX
is,VBZ
a,DT
question,NN
about,IN
recorded,JJ
lectures,NNS
too,RB
!,.
Ca,NNP
n't,RB
wait,VBD
to,TO
do,VB
a,DT
group,NN
exam,VBZ
portion,NN
tomorrow,NN
with,IN
the,DT
covid,NN
numbers,NNS
...,:
How,NNP
to,TO
swim,VB
at,IN
UBC,NNP
Aquatic,NNP
Center,NNP
You,PRP
're,VBP
Really,RB
Better,NNP
Off,NNP
Ignoring,VBG
Anyone,NNP
You,PRP
Dislike,NNP
Having,VBG
an,DT
Event,NN
on,IN
Campus,NNP
'',''
Will,MD
The,DT
Ubyssey,NNP
",",","
The,DT
Peak,NNP
",",","
and,CC
other,JJ
sources,NNS
cover,VBP
the,DT
termination,NN
of,IN
Wolf,NNP
?,.
'',''
``,``
First,JJ
year,NN
coming,VBG
to,TO
UBC,NNP
",",","
so,IN
I,PRP
â€™,VBP
m,JJ
guessing,NN
I,PRP
shouldn,VBP
â€™,JJ
t,NN
ever,RB
in,IN
public,JJ
say,VBP
I,PRP
support,VBP
Republicans,NNPS
over,IN
Democrats,NNPS
?,.
'',''
Ask,NNP
Iman,NNP
:,:
An,DT
advice,NN
column,NN
for,IN
the,DT
university,NN
student,NN
who,WP
â€™,VBZ
s,NN
trying,VBG
to,TO
get,VB
by,IN
Should,NNP
we,PRP
...,:
chill,VB
?,.
60,CD
%,NN
of,IN
critical,JJ
covid,NN
cases,NNS
are,VBP
fully,RB
vaccinated,VBN
in,IN
Israel,NNP
'',''
Making,VBG
a,DT
difference,NN
:,:
1st,CD
Year,NN
Kinesiology,NNP
student,NN
",",","
Ava,NNP
Katz,NNP
",",","
squeezes,VBZ
seniors,NNS
â€™,JJ
errands,NNS
in,IN
between,IN
exams,NNS
'',''
Admission,NNP
Appeal,NNP
Really,NNP
Stupid,NNP
Question,NNP
I,PRP
â€™,VBP
m,JJ
Sorry,NNP
To,TO
the,DT
Person,NNP
Who,NNP
Made,VBD
Me,NNP
Aware,NNP
of,IN
the,DT
Existence,NNP
of,IN
My,NNP
Hair,NNP
How,NNP
hard,JJ
is,VBZ
it,PRP
to,TO
land,VB
a,DT
job,NN
after,IN
graduating,VBG
from,IN
an,DT
Arts,NNP
degree,NN
?,.
Ubyssey,NNP
interview,NN
about,IN
undergrad,JJ
experience,NN
throughout,IN
the,DT
pandemic,JJ
DoorDash/Uber,NNP
eats,NNS
on,IN
campus,NN
Whats,NNP
up,RB
with,IN
todays,NNS
strike,NN
?,.
/r/UBC,JJ
Taylor,NNP
Swift,NNP
Albums,NNP
Tournament,NNP
-,:
Semifinal,JJ
2,CD
Pre-Med,JJ
Alternative,NNP
Path,NNP
Coronavirus,NNP
:,:
Details,NNS
revealed,VBD
for,IN
B.C,NNP
â€™,NNP
s,VBD
return-to-school,JJ
plan,NN
in,IN
September,NNP
-,:
Could,NN
this,DT
mean,JJ
January,NNP
may,MD
be,VB
in,IN
person,NN
?,.
(,(
Just,NNP
Speculating,NNP
),)
UBC,NNP
IS,NNP
ON,NNP
CLUBHOUSE,NNP
!,.
Why,WRB
do,VBP
AMS,NNP
Elections,NNP
Matter,NNP
?,.
Why,WRB
is,VBZ
the,DT
community,NN
at,IN
OC,NNP
so,RB
bad,JJ
?,.
People,NNS
are,VBP
so,RB
selfish,JJ
Housing,NNP
anxiety,NN
'',''
2,CD
years,NNS
ago,RB
",",","
an,DT
international,JJ
student,NN
died,VBD
.,.
Please,VB
check-in,JJ
with,IN
your,PRP$
friends,NNS
&,CC
/or,NNP
reach-out,NN
for,IN
support,NN
.,.
You,PRP
are,VBP
NOT,NNP
alone,RB
ðŸ˜‡,NN
'',''
Trash,NN
requests,NNS
'',''
I,PRP
spent,VBD
2,CD
days,NNS
to,TO
write,VB
an,DT
essay,NN
in,IN
my,PRP$
class,NN
to,TO
receive,VB
a,DT
``,``
'',''
barely-passed,JJ
'',''
'',''
grade,NN
'',''
math,NN
221,CD
UBC,NNP
Plug,NNP
's,POS
Recent,NNP
Video,NNP
Receives,NNP
Backlash,NNP
due,JJ
to,TO
Stereotyping,NNP
and,CC
Misogyny,NNP
What,WP
are,VBP
those,DT
sheets,NNS
with,IN
student,NN
names,NNS
on,IN
them,PRP
called,VBN
?,.
Credit,NNP
Card,NNP
to,TO
pay,VB
for,IN
rent,NN
?,.
What,WP
's,VBZ
the,DT
point,NN
of,IN
selecting,VBG
a,DT
program,NN
of,IN
study,NN
if,IN
it,PRP
generally,RB
doesnt,VBZ
matter,NN
for,IN
jobs,NNS
?,.
Building,VBG
a,DT
faith,NN
community,NN
for,IN
Gen,NNP
Y/Z,NNP
LONG,NNP
LIVE,NNP
THE,NNP
OC,NNP
PENISMAN,NNP
!,.
ubcprofs,JJ
under,IN
maintenance,NN
First,NNP
Year,NNP
Social,NNP
Events,NNP
Crypto,NNP
club,NN
@,NNP
UBC,NNP
?,.
Looking,VBG
for,IN
a,DT
math,NN
200,CD
tutor,NN
Quizzes,NNP
Outside,NNP
of,IN
Class,NNP
Anybody,NNP
else,RB
feel,VBP
anxious,JJ
or,CC
scared,VBN
to,TO
discuss,VB
their,PRP$
opinion,NN
on,IN
topics,NNS
such,JJ
as,IN
politics,NNS
?,.
``,``
I,PRP
love,VBP
when,WRB
my,PRP$
studies,NNS
inspires,VBZ
new,JJ
documentaries,NNS
.,.
This,DT
documentary,NN
in,IN
development,NN
with,IN
Nigel,NNP
Howard,NNP
was,VBD
inspired,VBN
by,IN
the,DT
new,JJ
ETEC,NNP
565C,CD
Course,NNP
on,IN
Ableism,NNP
",",","
Equity,NNP
",",","
and,CC
Educational,NNP
Technology,NNP
.,.
'',''
``,``
[,JJ
Academic,NNP
],NNP
Bump,NNP
to,TO
Baby,NNP
!,.
and,CC
Hey,NNP
Baby,NNP
!,.
Couples,NNP
â€™,NNP
Sexual,NNP
Well-being,NNP
Studies,NNP
(,(
Couples,NNP
currently,RB
pregnant,VBP
with,IN
their,PRP$
first,JJ
child,NN
",",","
or,CC
who,WP
just,RB
had,VBD
their,PRP$
first,JJ
baby,NN
up,RB
to,TO
12,CD
months,NNS
ago,RB
",",","
18+,CD
",",","
Fluent,NNP
in,IN
English,NNP
and,CC
living,NN
in,IN
the,DT
US,NNP
or,CC
Canada,NNP
),)
'',''
When,WRB
I,PRP
â€™,VBP
m,RB
not,RB
a,DT
student,NN
I,PRP
â€™,VBP
m,VB
a,DT
programmer,NN
.,.
This,DT
is,VBZ
what,WP
the,DT
working,JJ
world,NN
is,VBZ
like,IN
now,RB
.,.
Any,DT
Other,JJ
Science,NN
Students,NNS
(,(
or,CC
Profs,NNP
),)
Get,NNP
Tired,NNP
of,IN
Media,NNP
Members,NNP
Not,RB
Understanding,VBG
The,DT
Basic,JJ
Fundamentals,NNS
of,IN
Science,NNP
(,(
Re,NNP
COVID,NNP
),)
Safe,NNP
return,NN
to,TO
the,DT
Fall,NNP
semester,NN
Enrolment,NNP
Annual,NNP
Report,NNP
2019-2020,JJ
(,(
PDF,NNP
),)
i,VBZ
only,RB
took,VBD
one,CD
course,NN
this,DT
term,NN
and,CC
still,RB
failed,VBD
Sign-Up,NNP
for,IN
Student,NNP
Directed,NNP
Semianr,NNP
ACAM,NNP
447C,CD
:,:
Mental,JJ
Health,NNP
and,CC
the,DT
Asian-Canadian,JJ
Diaspora,NNP
UBC,NNP
student,NN
Carson,NNP
Binda,NNP
makes,VBZ
bid,NN
for,IN
seat,NN
in,IN
Vancouver,NNP
Kingsway,NNP
riding,VBG
UBC,NNP
Sent,NNP
Students,NNP
'Approved,VBD
',POS
Document,NNP
To,TO
Educate,VB
Them,NNP
on,IN
'Yellow,NNP
Privilege',NNP
Is,VBZ
it,PRP
academic,JJ
misconduct,NN
to,TO
purposely,RB
not,RB
do,VB
well,RB
on,IN
an,DT
exam,NN
?,.
The,DT
Dingbat,NN
:,:
Why,WRB
I,PRP
think,VBP
campus,NN
should,MD
stay,VB
closed,VBD
Looking,VBG
for,IN
suggestions,NNS
on,IN
handling/maintaining,VBG
a,DT
mask,NN
while,IN
on,IN
campus,NN
(,(
Vancouver,NNP
),)
Ubyssey,NNP
Article,NNP
-,:
Studying,VBG
during,IN
the,DT
pandemic,JJ
+,NN
returning,VBG
to,TO
campus,VB
Moe,NNP
420,CD
Club,NNP
at,IN
UBC,NNP
?,.
Fined,VBN
in,IN
UBC,NNP
parkade,NN
for,IN
charging,VBG
my,PRP$
EV,NN
at,IN
a,DT
120v,CD
outlet,NN
Concern,NNP
over,IN
AAPS,NNP
support,NN
of,IN
proctoring,VBG
issues,NNS
What,WP
percentage,NN
is,VBZ
required,VBN
to,TO
get,VB
major,JJ
in,IN
bachelor,NN
of,IN
arts,NNS
computer,NN
science,NN
in,IN
second,JJ
year,NN
for,IN
an,DT
international,JJ
student,NN
Black,NNP
law,NN
students,NNS
push,VBP
for,IN
increased,JJ
diversity,NN
at,IN
UBC,NNP
law,NN
school,NN
Stay,NNP
at,IN
home,NN
pt6,NN
'',''
Transgender,NNP
(,(
FTM,NNP
),)
incoming,VBG
student,NN
-,:
hormones,NNS
",",","
surgery,NN
?,.
'',''
Is,VBZ
smoking,VBG
weed,JJ
okay,NN
on,IN
campus,NN
?,.
How,WRB
should,MD
non-indigenous,JJ
students,NNS
get,VBP
involved,VBN
in,IN
indigenous,JJ
advocacy,NN
?,.
Anybody,NN
else,RB
concerned,VBN
about,IN
the,DT
Delta,NNP
variant,NN
?,.
?,.
?,.
``,``
COVID,NNP
Omicron,NNP
variant,NN
spreading,VBG
really,RB
fast,RB
",",","
will,MD
courses,VB
go,VB
online,JJ
again,RB
at,IN
some,DT
point,NN
?,.
'',''
Are,VBP
there,RB
a,DT
lot,NN
of,IN
Arabs,NNP
or,CC
people,NNS
from,IN
the,DT
Middle,NNP
East,NNP
at,IN
UBC,NNP
?,.
``,``
If,IN
you,PRP
guys,VBP
ever,RB
plan,NN
to,TO
take,VB
a,DT
food,NN
delivery,NN
as,IN
a,DT
side,NN
gig,NN
job,NN
in,IN
Vancouver,NNP
",",","
just,RB
do,VBP
n't,RB
.,.
I,PRP
am,VBP
getting,VBG
less,JJR
than,IN
minimum,NN
wage,NN
without,IN
considering,VBG
the,DT
expenses,NNS
on,IN
the,DT
first,JJ
day,NN
.,.
Just,RB
posting,VBG
here,RB
because,IN
a,DT
few,JJ
of,IN
them,PRP
are,VBP
also,RB
from,IN
UBC,NNP
.,.
'',''
Planning,VBG
on,IN
Overthrowing,VBG
UBC,RP
Housing,VBG
'',''
UBC,NNP
people,NNS
of,IN
UBC,NNP
",",","
what,WP
are,VBP
you,PRP
going,VBG
to,TO
UBC,NNP
next,JJ
term,NN
?,.
'',''
Unpopular,JJ
opinion,NN
:,:
People,NNS
are,VBP
using,VBG
the,DT
pandemic,NN
as,IN
an,DT
excuse,NN
for,IN
their,PRP$
poor,JJ
academic,JJ
performance,NN
Really,NNP
wish,JJ
UBC,NNP
was,VBD
a,DT
party,NN
schoolâ€¦,NN
.,.
UBC,NNP
Aerospace,NNP
Engineering,NNP
Student,NNP
Teams,NNP
are,VBP
running,VBG
a,DT
referendum,NN
to,TO
create,VB
a,DT
$,$
3,CD
fee,NN
for,IN
all,DT
UBC,NNP
students,NNS
Asian,JJ
Student,NNP
Support,NNP
Group,NNP
@,NNP
UBC,NNP
Counselling,NNP
Services,NNPS
[,NNP
MOD,NNP
APPROVED,NNP
],NNP
[,NNP
Part,NNP
2,CD
of,IN
Study,NNP
],NNP
Recruiting,NNP
Participants,NNS
:,:
Evaluating,VBG
Trauma,NNP
from,IN
Protests,NNPS
in,IN
the,DT
Hong,NNP
Kong,NNP
Community,NNP
Since,IN
1997,CD
Safe,NNP
Campus,NNP
UBC,NNP
website,VBD
The,DT
Ubyssey,NNP
:,:
Who,WP
should,MD
you,PRP
vote,VB
for,IN
?,.
Looking,VBG
for,IN
Christian,JJ
friends,NNS
at,IN
UBC,NNP
Another,DT
AUS,NNP
Elections,NNPS
Post,NNP
...,:
but,CC
spicy,VBP
Ubyssey,NNP
Callout,NNP
:,:
BIPOC,NNP
Health,NNP
and,CC
Mental,NNP
Health,NNP
Experiences,NNP
Looking,NNP
to,TO
borrow,VB
an,DT
N,NNP
driver,NN
sticker,NN
Late,NNP
Withdrawal,NNP
of,IN
a,DT
course,NN
Stop,NNP
Just,NNP
Please,NNP
Stop,NNP
Anyone,NNP
else,RB
think,VBP
cases,NNS
will,MD
be,VB
skyrocketing,VBG
again,RB
prior,RB
to,TO
sept,VB
and,CC
classes,NNS
will,MD
have,VB
to,TO
go,VB
back,RB
to,TO
online,VB
?,.
Wearing,VBG
tactical,JJ
gear,NN
to,TO
class,NN
This,DT
is,VBZ
the,DT
week,NN
to,TO
prep,VB
your,PRP$
resume,NN
for,IN
the,DT
TCF,NNP
.,.
STATISTICS,NNP
IS,VBZ
NOT,NNP
COMPUTER,NNP
SCIENCE,NNP
AND,NNP
DATA,NNP
SCIENCE,NNP
AND,NNP
MACHINE,NNP
LEARNING,NNP
ARE,NNP
NOT,NNP
THE,NNP
ONLY,NNP
THINGS,NNP
IN,NNP
COMPUTER,NNP
SCIENCE,NNP
'',''
I,PRP
'm,VBP
Stupid,JJ
",",","
Please,NNP
Help,NNP
?,.
'',''
Wearing,VBG
Masks,NNP
Looking,VBG
for,IN
tips,NNS
on,IN
after-care,NN
after,IN
using,VBG
public,JJ
transit,NN
or,CC
going,VBG
to,TO
public,JJ
spaces,NNS
I,PRP
'm,VBP
jealous,JJ
of,IN
people,NNS
like,IN
69xine,CD
Sqwark,NNP
?,.
``,``
UBC,NNP
event,NN
cancelled,VBD
",",","
debate,NN
continues,VBZ
about,IN
free,JJ
expression,NN
on,IN
campus,NN
'',''
Online,NNP
class,NN
sucks,VBZ
200K,CD
or,CC
Study,NNP
at,IN
UBC,NNP
?,.
Masks,NNP
Required,NNP
in,IN
Indoor,NNP
Spaces,NNP
at,IN
UBCO,NNP
Don,NNP
â€™,NNP
t,NNS
take,VBP
off,RP
ur,JJ
mask,NN
while,IN
in,IN
library,JJ
..,NN
Tuum,NNP
Sex,NN
:,:
Condoms,NNP
Social,NNP
Media/,NNP
Student,NNP
Privacy,NNP
Lawyer,NNP
Brad,NNP
Shear,NNP
confirms,VBZ
Chegg,NNP
most,RBS
likely,JJ
handing,VBG
out,RP
user,RB
info,NN
to,TO
schools,NNS
Calling,VBG
all,DT
undergraduate,JJ
students,NNS
in,IN
the,DT
Faculty,NN
of,IN
Science,NN
!,.
Some,DT
thoughts,NNS
re,NN
:,:
Dr.,NNP
Amie,NNP
Wolf,NNP
Am,NNP
I,PRP
obsessing,VBG
over,IN
nothing,NN
?,.
(,(
self-doubt,NN
),)
Orchard,NNP
commons,NNS
party,NN
:,:
$,$
@,CD
â€œ,NN
:,:
$,$
:,:
&,CC
Controversial,NNP
Opinion,NNP
FoM,NNP
NSERC,NNP
USRA,NNP
GPA,NNP
Lost,NNP
Airpod,NNP
pros,VBD
The,DT
â€œ,NNP
UBC,NNP
students,NNS
against,IN
bigotry,NN
â€,JJ
twitter,NN
account,NN
is,VBZ
saying,VBG
anybody,NN
who,WP
supports,VBZ
Trump,NNP
is,VBZ
hateful,JJ
Should,MD
I,PRP
be,VB
Happy,JJ
or,CC
Sad,NNP
?,.
Learning,VBG
English,JJ
Lachlan,NNP
Williams,NNP
:,:
Surprised,JJ
and,CC
disappointed,VBN
by,IN
UBC,NNP
Faculty,NNP
of,IN
Applied,NNP
Science,NNP
's,POS
decision,NN
to,TO
go,VB
online,NN
for,IN
all,DT
coursework,NN
in,IN
fall,NN
Anyone,NNP
else,RB
observe,VBZ
Translink,NNP
bus,NN
drivers,NNS
on,IN
UBC,NNP
routes,NNS
being,VBG
aggressive,JJ
these,DT
days,NNS
?,.
How,WRB
many,JJ
vehicles,NNS
can,MD
I,PRP
link,VB
for,IN
one,CD
parking,NN
permit,NN
at,IN
UBC,NNP
?,.
UBC,NNP
FALL,NNP
2021,CD
anyone,NN
knows,VBZ
what,WP
tf,NN
happened,VBD
to,TO
tbird,VB
residence,NN
last,JJ
night,NN
UBC,NNP
Geer,NNP
's,POS
Make,NNP
a,DT
Positive,JJ
Statement,NNP
Analysis-chan,NNP
Academic,NNP
Recognition,NNP
for,IN
first-year,JJ
students,NNS
Warning,VBG
to,TO
students,NNS
who,WP
want,VBP
to,TO
go,VB
into,IN
interview-based,JJ
programs,NNS
about,IN
COVID,NNP
behaviour,NN
(,(
esp,JJ
.,.
medicine,NN
),)
Looking,VBG
for,IN
Fellow,NNP
Queers,NNPS
The,DT
aftermath,NN
of,IN
chair,NN
â€™,NNP
s,VBZ
resignation,NN
at,IN
the,DT
Board,NNP
of,IN
Governors,NNP
What,WP
can,MD
I,PRP
do,VB
?,.
What,WP
are,VBP
some,DT
high-paying,JJ
jobs,NNS
for,IN
those,DT
with,IN
a,DT
Computer,NNP
Science,NNP
Degree,NNP
?,.
Prof,NNP
refuses,VBZ
to,TO
accommodate,VB
final,JJ
exam,NN
time,NN
What,WP
I,PRP
love,VBP
about,IN
Daylight,NNP
Savings,NNPS
so,RB
far,RB
If,IN
classes,NNS
go,VBP
online,JJ
do,VBP
we,PRP
get,VB
refunded,VBN
for,IN
things,NNS
like,IN
parking,VBG
passes,NNS
?,.
Online,NNP
graduation,NN
is,VBZ
completely,RB
out,IN
of,IN
touch,NN
'',''
hey,NN
guys,NNS
",",","
feeling,VBG
really,RB
lost,VBN
right,RB
now,RB
....,VBP
need,VBP
supportive,JJ
guidance,NN
.,.
'',''
Motion,NN
coming,VBG
to,TO
UBC-V,NNP
Senate,NNP
proposing,NN
targeted,VBD
number,NN
of,IN
Black,NNP
hires,NNS
and,CC
fellowships,NNS
for,IN
international,JJ
Black,NNP
students,NNS
.,.
Please,VB
sign,NN
this,DT
petition,NN
to,TO
make,VB
vaccines,NNS
and,CC
masks,NNS
mandatory,JJ
at,IN
UBC,NNP
this,DT
fall,NN
!,.
...,:
Do,VBP
you,PRP
think,VB
there,EX
â€™,NNP
s,VBD
any,DT
chance,NN
tomorrow,NN
â€™,NNP
s,NN
(,(
Monday,NNP
â€™,NNP
s,NN
),)
exams,NN
will,MD
get,VB
moved,VBN
online,RB
?,.
This,DT
should,MD
go,VB
without,IN
saying,VBG
but,CC
recent,JJ
developments,NNS
suggest,VBP
that,IN
UBC,NNP
students,NNS
could,MD
use,VB
a,DT
reminder,NN
Some,DT
thoughts,NNS
on,IN
mandatory,JJ
vaccination,NN
Any,NNP
other,JJ
Bengalis,NNP
coming,VBG
to,TO
UBC,NNP
(,(
Vancouver,NNP
),)
?,.
Letter,NN
:,:
UBC,NNP
â€™,NNP
s,NN
Centre,NNP
for,IN
Accessibility,NNP
and,CC
its,PRP$
outdated,JJ
policies,NNS
fail,VBP
students,NNS
REMINDER,VBP
:,:
It,PRP
's,VBZ
time,NN
to,TO
renew,VB
your,PRP$
U-Pass,NN
!,.
[,CD
December,NNP
2020,CD
],NNP
UBC,NNP
Coyote,NNP
UBC,NNP
Courses,NNP
Online,NNP
This,DT
Fall,NN
?,.
?,.
?,.
Where,WRB
can,MD
I,PRP
talk,VB
to,TO
UBC,NNP
freshmen,NNS
?,.
?,.
?,.
Cadaver,NNP
studies,NNS
in,IN
any,DT
UBC,NNP
biology,NN
courses,NNS
?,.
Have,VBP
you,PRP
recently,RB
given,VBN
birth,NN
or,CC
are,VBP
currently,RB
pregnant,JJ
?,.
Anybody,NN
interested,JJ
in,IN
joining,VBG
a,DT
Neural,NNP
Network,NNP
Club,NNP
?,.
``,``
Hope,NNP
you,PRP
had,VBD
fun,VBN
",",","
Garden,NNP
Partiers,NNPS
!,.
'',''
Ask,NNP
Iman,NNP
:,:
The,DT
second,JJ
group,NN
of,IN
newbies,NNS
'',''
I,PRP
'm,VBP
an,DT
Arts,NNP
student,NN
looking,VBG
to,TO
take,VB
the,DT
MCAT,NNP
",",","
and,CC
I,PRP
need,VBP
some,DT
help,NN
!,.
'',''
``,``
Prof,NNP
calls,VBZ
it,PRP
what,WP
it,PRP
is,VBZ
",",","
student,NN
cries,NNS
foul,VBP
.,.
'',''
``,``
For,IN
Discussion,NN
:,:
Journal,NNP
Article,NNP
published,VBD
on,IN
``,``
'',''
Higher,JJR
Racism,NN
:,:
The,DT
Case,NNP
of,IN
UBC,NNP
-,:
On,IN
The,DT
Wrong,JJ
Side,NN
of,IN
History,NN
but,CC
Right,NNP
Side,NNP
of,IN
Optics,NNPS
'',''
'',''
'',''
Meanwhile,RB
in,IN
the,DT
fraternity,NN
SSC,NNP
MARKS,NNP
what,WP
â€™,VBD
s,JJ
happening,VBG
during,IN
halloween,JJ
weekend,NN
?,.
Goodnotes,VBZ
vs,JJ
notability,NN
APSC,NNP
160,CD
final,JJ
?,.
Car,NN
Racing,VBG
Noise,NNP
in,IN
Campus,NNP
so,IN
Annoying,NNP
!,.
Porn,NNP
Filmed,NNP
on,IN
Campus,NNP
.,.
Vote,NNP
Viola,NNP
Chao,NNP
for,IN
AUS,NNP
VP,NNP
Academic,NNP
!,.
Checking,VBG
in,IN
with,IN
my,PRP$
Queer,NN
and,CC
Trans,NNP
Friends,NNP
Anyone,NNP
else,RB
get,VB
really,RB
high,JJ
grades,NNS
this,DT
term,NN
?,.
To,TO
the,DT
cute,JJ
girl,NN
who,WP
sat,VBD
beside,IN
me,PRP
and,CC
friend,VB
on,IN
the,DT
R4,NNP
and,CC
the,DT
Train,NNP
on,IN
halloween,NN
...,:
[,JJ
CBC,NNP
Opinion,NNP
],NNP
Let,NNP
them,PRP
cheat,VB
:,:
Why,WRB
it,PRP
's,VBZ
tempting,VBG
for,IN
college,NN
and,CC
university,NN
instructors,NNS
to,TO
look,VB
the,DT
other,JJ
way,NN
Social,NNP
Sharing,NNP
'',''
With,IN
the,DT
recent,JJ
events,NNS
around,IN
the,DT
globe,NN
",",","
I,PRP
ca,MD
n't,RB
stop,VB
feeling,NN
completely,RB
pissed,VBD
off,RP
at,IN
the,DT
current,JJ
world,NN
'',''
Do,VBP
n't,RB
Lose,VB
Hope,NNP
-,:
Education,NN
should,MD
be,VB
a,DT
priority,NN
.,.
Ubyssey,NNP
Interview,NNP
-,:
Students,NNS
in,IN
Upper-Year,JJ
Residence,NNP
fail,NN
two,CD
courses,NNS
in,IN
the,DT
first,JJ
term,NN
At,IN
a,DT
loss,NN
and,CC
do,VBP
n't,RB
know,VB
what,WP
to,TO
do,VB
'',''
After,IN
less,JJR
than,IN
a,DT
month,NN
since,IN
the,DT
campus-wide,JJ
shutdown,NN
",",","
can,MD
we,PRP
talk,VB
about,IN
UBC,NNP
's,POS
initial,JJ
response,NN
?,.
'',''
``,``
International,NNP
students,NNS
deal,NN
with,IN
gaps,NNS
left,VBN
by,IN
CERB,NNP
",",","
CESB,NNP
'',''
Looking,VBG
for,IN
things,NNS
to,TO
do,VB
in,IN
the,DT
evening/night,NN
at/around,NN
UBC,NNP
or,CC
in,IN
Vancouver,NNP
!,.
Why,WRB
is,VBZ
life,NN
so,RB
hard,RB
?,.
``,``
Fellow,NNP
Gen,NNP
Z,NNP
's,POS
",",","
are,VBP
you,PRP
happy,JJ
knowing,VBG
that,IN
studying,VBG
hard,RB
at,IN
UBC,NNP
is,VBZ
a,DT
journey,NN
that,WDT
may,MD
or,CC
may,MD
not,RB
help,VB
you,PRP
reach,VB
the,DT
quality,NN
of,IN
life,NN
that,IN
your,PRP$
parents,NNS
have,VBP
achieved,VBN
?,.
'',''
unfair,JJ
final,JJ
exam,NN
Smoke,NNP
Everywhere,NNP
!,.
Especially,RB
in,IN
my,PRP$
dorm,NN
room,NN
!,.
Happe,NNP
Canada,NNP
Day,NNP
!,.
y'all,NN
remember,VB
them,PRP
ðŸ˜Œ,VB
This,DT
does,VBZ
not,RB
look,VB
good,JJ
for,IN
Fall,NNP
Term,NNP
.,.
Hopefully,NNP
people,NNS
get,VBP
their,PRP$
vaccinations,NNS
when,WRB
required,VBN
Clearly,RB
the,DT
student,NN
body,NN
voted,VBD
for,IN
the,DT
SUS,NNP
rep,VBZ
that,DT
's,VBZ
being,VBG
bashed,VBN
on,IN
this,DT
subreddit,NN
.,.
Do,VBP
I,PRP
like,IN
him,PRP
?,.
No,UH
.,.
But,CC
you,PRP
voted,VBD
for,IN
him,PRP
.,.
Maybe,RB
consider,VB
this,DT
a,DT
moment,NN
about,IN
why,WRB
it,PRP
's,VBZ
important,JJ
to,TO
do,VB
your,PRP$
homework,NN
and,CC
make,VB
informed,JJ
voting,NN
choices,NNS
and,CC
get,VB
involved,VBN
.,.
Two,CD
Education,NNP
profs,FW
post,NN
editorial,NN
about,IN
UBC,NNP
's,POS
bad,JJ
record,NN
on,IN
hiring,VBG
Black,NNP
academic,JJ
managers,NNS
UBC,NNP
PLEASE,NNP
GO,NNP
ONLINE,NNP
!,.
!,.
!,.
!,.
!,.
!,.
!,.
!,.
Homelessness,NNP
â€˜,NNP
unacceptable,JJ
â€™,NN
in,IN
pandemic,JJ
:,:
UBC,JJ
students,NNS
sign,JJ
open,JJ
letter,NN
on,IN
housing,NN
justice,NN
Watching,VBG
American,NNP
vax,NN
â€™,NNP
d,NN
friends,NNS
get,VBP
Covid,NNP
HomeComing,NNP
[,NNP
Ubyssey,NNP
],NNP
Taking,NNP
exams,NNS
in,IN
a,DT
different,JJ
time,NN
zone,NN
?,.
I,PRP
'd,MD
like,VB
to,TO
know,VB
what,WP
options,NNS
are,VBP
available,JJ
to,TO
you,PRP
.,.
how,WRB
about,IN
not,RB
going,VBG
out,IN
...,:
the,DT
news,NN
keep,VB
talking,VBG
about,IN
a,DT
third,JJ
wave,NN
We,PRP
Are,VBP
Still,RB
In,IN
the,DT
Midst,NNP
of,IN
A,NNP
Pandemic,NNP
!,.
Some,DT
Etiquette,NNP
Reminders,NNP
I,PRP
guess,VBP
this,DT
type,NN
of,IN
relationship,NN
is,VBZ
more,RBR
acceptable,JJ
in,IN
Quebec,NNP
?,.
To,TO
the,DT
Sauder,NNP
Students,NNS
who,WP
got,VBD
100,CD
%,NN
(,(
or,CC
above,RB
90,CD
%,NN
),)
on,IN
the,DT
COMM,NNP
205/,CD
COMM,NNP
294,CD
Final,NNP
Exams,NNS
...,:
To,TO
the,DT
Rude,NNP
Coughing,NNP
Man,NNP
Walking,VBG
into,IN
my,PRP$
Personal,JJ
Space,NNP
exiting,VBG
Brock,NNP
Hall,NNP
at,IN
4pm,CD
Is,NNP
there,RB
any,DT
news,NN
or,CC
ideas,NNS
on,IN
how,WRB
classes,NNS
may,MD
be,VB
formatted,VBN
in,IN
sept,NN
of,IN
2021,CD
?,.
Letter,NN
:,:
Online,JJ
school,NN
can,MD
no,RB
longer,RB
be,VB
justified,VBN
as,IN
a,DT
public,JJ
health,NN
measure,NN
CONSULTATION,NNP
:,:
Thoughts,NNS
on,IN
4,CD
credit,NN
courses,NNS
in,IN
science,NN
DO,NNP
I,PRP
HAVE,VBP
TUTORIAL,VBN
TODAY,NNP
Roommate,NNP
's,POS
boyfriend,NN
is,VBZ
here,RB
everyday,JJ
WASH,NNP
YOUR,NNP
DIRTY,NNP
HANDS,NNP
'',''
People,NNS
are,VBP
already,RB
registered,VBN
for,IN
fourth,JJ
year,NN
seminars,NNS
",",","
and,CC
registration,NN
has,VBZ
n't,RB
even,RB
opened,VBN
yet,RB
!,.
'',''
``,``
Do,VBP
you,PRP
have,VB
``,``
'',''
UBC,NN
'',''
'',''
in,IN
your,PRP$
instagram,NN
bio,NN
?,.
?,.
'',''
Anybody,NN
here,RB
going,VBG
to,TO
the,DT
Playboy,NNP
Carti,NNP
concert,NN
in,IN
November,NNP
?,.
Random,NNP
story,NN
Indigenous,NNP
knowledge,NN
systems,NNS
often,RB
overlooked,VBN
in,IN
academia,NN
Another,DT
lost,VBN
AirPods,NNP
post,NN
lol,NN
UBC,NNP
is,VBZ
in,IN
danger,NN
of,IN
deletion,NN
!,.
TO,NNP
WAR,NNP
!,.
UBC,NNP
is,VBZ
very,RB
*,JJ
liberal-leaning,JJ
WTF,NNP
IS,NNP
BURNING,NNP
'',''
APPLIED,NNP
SCIENCE,NNP
DEAN,NNP
MANIPULATING,NNP
STUDENTS,NNP
AND,NNP
PROFESSORS,NNP
.,.
The,DT
dean,NN
of,IN
the,DT
Faculty,NNP
of,IN
Applied,NNP
Science,NNP
",",","
Professor,NNP
James,NNP
Olson,NNP
",",","
made,VBD
an,DT
announcement,NN
about,IN
the,DT
final,JJ
exam,NN
form,NN
due,JJ
to,TO
COVID,NNP
.,.
However,RB
",",","
students,NNS
and,CC
faculty,NN
staff,NN
received,VBD
2,CD
very,RB
different,JJ
versions,NNS
.,.
'',''
Concerns,VBZ
about,IN
the,DT
lack,NN
of,IN
stringent,JJ
COVID-19,NNP
protocols,NNS
?,.
do,VBP
most,RBS
work,VB
learn,JJ
positions,NNS
require,VBP
interviews,NNS
to,TO
be,VB
accepted,VBN
?,.
maskless,JJ
BUFFOONS,NNP
Why,WRB
do,VBP
professors,NNS
wish,VB
for,IN
our,PRP$
downfall,NN
?,.
Yearround,UH
Housing,VBG
Chances,NNS
?,.
the,DT
real,JJ
reason,NN
you,PRP
want,VBP
online,JJ
exams,NNS
To,TO
the,DT
girls,NNS
with,IN
30,CD
individuals,NNS
order,NN
@,NNP
TIM,NNP
HORTONS,NNP
UBC,NNP
Pride,NNP
Parade,NNP
-,:
April,NNP
6th,CD
!,.
Got,NNP
above,IN
80,CD
%,NN
for,IN
this,DT
winter,NN
session,NN
but,CC
my,PRP$
SSC,NNP
doesn,NN
â€™,NN
t,NNS
say,VBP
Deans,NNPS
Honour,NNP
List,NN
on,IN
it,PRP
?,.
Did,VBZ
the,DT
requirements,NNS
change,VB
?,.
Keyboard,NNP
Smashers,NNPS
